Citing_Patent,Year,Assignee,CPC_Groups
5210799,1993,TEXAS INSTRUMENTS INCORPORATED,G06T2207/10016; G06T2207/10032; G06T2207/10048; G06T2207/20016; G06T2207/30212; G06T7/12; G06T7/181; G06V10/255; G06V10/44; G06V10/443; G06V10/462
5311336,1994,Canon Kabushiki Kaisha,G06T11/001; H04N1/46; H04N1/62
5408541,1995,Lockheed Corporation,G01S17/89; G01S7/486; G06V10/10; G06V10/255
5600733,1997,"Kulicke & Soffa Investments, Inc.",G06T2207/30148; G06T7/74
5604822,1997,Lockheed Martin Corporation,G06T2207/10016; G06T2207/10048; G06T2207/30212; G06T7/12; G06T7/66
5719774,1998,TEXAS INSTRUMENTS INCORPORATED,G06F18/28
5825922,1998,Lockheed Martin Corporation,G06T2207/10016; G06T2207/10048; G06T2207/30212; G06T7/12; G06T7/66
5923781,1999,LUCENT TECHNOLOGIES INC.,G06T2207/10056; G06T2207/20168; G06T2207/30164; G06T7/12; G06T7/149; G06T7/75
6019496,2000,TEXAS INSTRUMENTS INCORPORATED,G06F18/28
6118886,2000,United States Department of Energy,G06F18/254; G06V10/255
6229918,2001,Microsoft Corporation,G06F18/23
6275773,2001,Individual/Unknown,B60T2201/022; B60T2201/08; B60T2201/082; B60T2201/083; B60T2201/085; B60T2201/087; G01S13/86; G01S13/931; G01S17/86; G01S17/931; G01S19/11; G01S2013/9316; G01S2013/9318; G01S2013/93185; G01S2013/9319; G01S2013/932; G01S2013/9321; G01S2013/9322; G01S2013/9325; G01S2013/9329; G01S5/009; G07C5/0891; G08G1/164; G08G1/20
6487500,2002,Individual/Unknown,B60T2201/022; B60T2201/08; B60T2201/082; B60T2201/083; B60T2201/085; B60T2201/087; G01S13/86; G01S13/931; G01S17/86; G01S17/931; G01S19/11; G01S2013/9316; G01S2013/9318; G01S2013/93185; G01S2013/9319; G01S2013/932; G01S2013/9321; G01S2013/9322; G01S2013/9325; G01S2013/9329; G01S5/009; G07C5/0891; G08G1/164; G08G1/20
6553130,2003,Individual/Unknown,B60T2201/022; B60T2201/024; B60T2201/08; B60T2201/082; B60T2201/083; B60T2201/085; B60T2201/087; G01S13/867; G01S13/931; G01S17/86; G01S17/931; G01S19/11; G01S2013/9316; G01S2013/9318; G01S2013/93185; G01S2013/9319; G01S2013/932; G01S2013/9321; G01S2013/9322; G01S2013/9323; G01S2013/9325; G01S5/009; G06V10/82; G06V20/58; G07C5/0891; G08G1/164; G08G1/165; G08G1/166
6906639,2005,Individual/Unknown,B60T2201/022; B60T2201/024; B60T2201/08; B60T2201/082; B60T2201/083; B60T2201/085; B60T2201/087; G01S13/867; G01S13/931; G01S17/86; G01S17/931; G01S19/11; G01S2013/9316; G01S2013/9318; G01S2013/93185; G01S2013/9319; G01S2013/932; G01S2013/9321; G01S2013/9322; G01S2013/9323; G01S2013/9325; G01S5/009; G06V10/82; G06V20/58; G07C5/0891; G08G1/164; G08G1/165; G08G1/166
7006694,2006,"Coreco Imaging, Inc.",G06V10/46; G06V10/752
7283645,2007,Microsoft Corporation,G06F18/28; G06V10/757
7773811,2010,"D&S Consultants, Inc.",G06V10/255
7921120,2011,"D&S Consultants, Inc.",G06F16/583; G06V30/2504
7870140,2011,"D&S Consultants, Inc.",G06F16/583; Y10S707/915; Y10S707/99948
8063815,2011,Telefonaktiebolaget LM Ericsson (Publ),G01S13/9064; G01S7/412; G06V10/752; G06V20/647
8027549,2011,"D&S Consultants, Inc.",G06F16/532; G06F16/7328; G06F16/78; G06F16/7837; G06F18/28
8296151,2012,Microsoft Corporation,G06F2203/0381; G06F3/017; G06F3/038; G06F3/167; G06T7/521; G06V40/107; G10L2015/223; G10L2015/226
8340432,2012,Microsoft Corporation,G06T7/73; G06V10/20; G06V10/40; G06V20/64; G06V40/103; H04N23/611
8155312,2012,UNIVERSITY OF CONNECTICUT,G06K19/06009; G06K19/06168; G06K2019/06243; G06K7/1421; G06V10/88
8279418,2012,Microsoft Corporation,G01C3/08; G01S17/10; G01S17/36; G01S17/42; G01S17/48; G01S17/66; G01S17/88; G01S17/89; G01S7/4817; G06T2207/30196; G06T7/521
8330822,2012,Microsoft Corporation,A63F13/213; A63F13/217; A63F2300/1087
8294767,2012,Microsoft Corporation,G06F3/011; G06F3/017; G06T15/005; G06T2207/10028; G06V20/64; G06V40/10; G06V40/103; G06V40/20
8213680,2012,Microsoft Corporation,G06F18/214; G06V10/754; G06V10/774; G06V40/20
8325984,2012,Microsoft Corporation,G06F3/017; G06T15/00; G06T2200/04; G06T2207/10016; G06T2207/10028; G06T2207/30196; G06T7/251; G06T7/579; G06V40/10; H04N13/20
8284847,2012,Microsoft Corporation,H04N7/181
8253746,2012,Microsoft Corporation,A63F13/213; A63F13/42; A63F13/428; A63F13/57; A63F13/63; A63F13/65; A63F13/833; A63F2300/1093; A63F2300/6045; A63F2300/64; A63F2300/6615; A63F2300/69; G06F3/011; G06F3/017; G06T13/40
8320621,2012,Microsoft Corporation,G03B17/54; G03B21/14; G03B21/2033; G03B35/00; G03B35/08; G06F3/005; G06F3/011; G06F3/017
8265341,2012,Microsoft Corporation,A63F13/213; A63F13/215; A63F13/79; G06F16/7834; G06V40/70; G10L17/10; G10L2021/02166
8320619,2012,Microsoft Corporation,G06T17/05; G06V40/23
8295546,2012,Microsoft Corporation,A63F13/428; A63F2300/1006; A63F2300/1093; G06F3/011; G06F3/033; G06T17/10; G06T19/00; G06V40/103; G06V40/20
8264536,2012,Microsoft Corporation,G06T7/521; G06V10/145
8311341,2012,"D&S Consultants, Inc.",G06F18/22; G06T2207/30196; G06T2207/30201; G06T7/337; G06V10/75; G06V30/268
8267781,2012,Microsoft Corporation,A63F13/213; A63F13/428; A63F2300/1093; A63F2300/6607; G06T2207/10021; G06T2207/10028; G06T2207/30196; G06T7/251
8330134,2012,Microsoft Corporation,G01J1/02; G01J1/0228; G01J1/32
8325909,2012,Microsoft Corporation,H04M9/082
8565485,2013,Microsoft Corporation,A63F13/428; A63F2300/1006; A63F2300/1093; G06F3/011; G06F3/033; G06T17/10; G06T19/00; G06V40/103; G06V40/20
8401225,2013,Microsoft Corporation,G06T2207/10028; G06T2207/30244; G06T7/194; G06T7/215
8509545,2013,Microsoft Corporation,G06T2207/10016; G06T2207/10024; G06T2207/10028; G06T2207/20072; G06T7/12; G06T7/162; G06T7/194
8504546,2013,"D&S Consultants, Inc.",G06F16/40; G06V30/2504
8497838,2013,Microsoft Corporation,G06F3/011; G06F3/017; G06F3/0304; G06F3/04842
8619122,2013,Microsoft Corporation,H04N13/128; H04N13/139
8597142,2013,Microsoft Corporation,A63F13/213; A63F13/215; A63F13/428; A63F13/5258; A63F13/5375; A63F13/573; A63F13/812; A63F2300/1087; A63F2300/305; A63F2300/5553; A63F2300/6045; A63F2300/646; A63F2300/6607; A63F2300/8011
8418085,2013,Microsoft Corporation,G06F3/017; G06V40/23; G09B19/0038; G16H20/30
8487938,2013,Microsoft Corporation,G06F3/017
8618405,2013,Microsoft Corporation,G10H1/0066; G10H2220/201; G10H2220/455; G10H2240/305
8467574,2013,Microsoft Corporation,G06F3/011; G06F3/017; G06T15/005; G06T2207/10028; G06V20/64; G06V40/10; G06V40/103; G06V40/20
8613666,2013,Microsoft Corporation,A63F13/213; A63F13/42; A63F13/428; A63F13/46; A63F13/533; A63F13/5375; A63F13/814; A63F2300/1093; A63F2300/305; A63F2300/308; A63F2300/6607; G06F3/017
8448056,2013,Microsoft Corporation,G06F18/217; G06T2207/10024; G06T2207/10028; G06T2207/30196; G06T7/251; G06T7/70; G06V10/28; G06V10/776; G06V40/103
8588517,2013,Microsoft Corporation,G06T2207/10028; G06T7/215; G06T7/254; G06V40/20
8564534,2013,Microsoft Corporation,A63F13/213; A63F13/215; A63F13/428; A63F13/52; A63F13/833; A63F2300/1075; A63F2300/5553; A63F2300/6045; A63F2300/6607; G06F3/017; G06T2207/10028; G06T2207/30196; G06T7/194; G06T7/251; G06T7/75; G06V10/34; G06V10/426; G06V20/40; G06V40/10; G06V40/23
8565477,2013,Microsoft Corporation,A63F13/213; A63F13/428; A63F13/833; A63F2300/1012; A63F2300/1093; A63F2300/5553; A63F2300/6045; A63F2300/6607; A63F2300/6615; A63F2300/8029; G06T2207/10016; G06T2207/10028; G06T2207/30196; G06T7/251; G06V20/64; G06V40/23
8577084,2013,Microsoft Corporation,A63F2300/1093; A63F2300/6607; G06V40/103
8428340,2013,Microsoft Corporation,G06T2207/10028; G06T7/75
8437506,2013,Microsoft Corporation,A63F13/213; A63F13/428; A63F13/67; A63F13/812; A63F2300/1093; A63F2300/6027; A63F2300/6045; A63F2300/6607; A63F2300/6615; G06F3/011; G06F3/0304; G06T2207/10021; G06T2207/10028; G06T2207/20076; G06T2207/30196; G06T7/251; G06V40/103
8571263,2013,Microsoft Corporation,G06F3/017; G06N5/025; G06V40/10
8553939,2013,Microsoft Corporation,A63F13/428; A63F2300/1006; A63F2300/1093; G06F3/011; G06F3/033; G06T17/10; G06T19/00; G06V40/103; G06V40/20
8487871,2013,Microsoft Corporation,A63F13/211; A63F13/213; A63F13/42; A63F13/426; A63F13/428; A63F13/533; A63F2300/1087; A63F2300/308; A63F2300/6045; A63F2300/6607; A63F2300/6615; G06F3/011; G06F3/017
8488888,2013,Microsoft Corporation,G06F3/011; G06F3/017; G06V40/103; G06V40/107; G06V40/23
8385596,2013,Microsoft Corporation,A63F13/213; A63F13/428; A63F13/5255; A63F13/837; A63F2300/1093; A63F2300/5553; A63F2300/6045; A63F2300/6607; A63F2300/8076; G06F3/017
8542252,2013,Microsoft Corporation,G06T17/00; G06T2200/08; G06V20/10; G06V20/64; G06V40/20
8605763,2013,Microsoft Corporation,H01S5/02415; H01S5/0617; H01S5/06804; H01S5/0683; H01S5/06837; H05B45/14; H05B45/18
8548270,2013,Microsoft Corporation,G01S17/18; G01S17/32; G01S17/50; G01S17/894; G06T7/593
8577085,2013,Microsoft Corporation,A63F2300/1006; A63F2300/1093; G06T2207/10028; G06T2207/30196; G06T7/251
8401242,2013,Microsoft Corporation,A63F13/00; A63F13/213; A63F13/42; A63F13/65; A63F2300/1087; A63F2300/69; G06T2207/10028; G06T2207/10048; G06T2207/30244; G06T7/251; G06T7/30; G06V20/10; H04N25/00; H04N25/705
8379101,2013,Microsoft Corporation,A63F13/213; A63F13/428; A63F13/533; A63F13/833; A63F2300/1087; A63F2300/6045; A63F2300/6607; G06T2207/10028; G06T2207/30196; G06T7/11; G06V10/26; G06V20/80; G06V40/23
8558873,2013,Microsoft Corporation,G01B11/2513; G01S17/46; G01S17/89; G06F3/017; G06F3/0325
8408706,2013,Microsoft Corporation,A61B3/113; G06F3/013; G06V40/19; H04N13/239; H04N13/383
8587583,2013,Microsoft Corporation,G06T17/00; G06T2200/08
8514269,2013,Microsoft Corporation,G06T2207/10028; G06T5/70
8385557,2013,Microsoft Corporation,H04M9/082; H04R3/005; H04R3/02
8381108,2013,Microsoft Corporation,A63F13/10; A63F13/12; A63F13/20; A63F13/21; A63F13/213; A63F13/215; A63F13/30; A63F13/424; A63F13/45; A63F13/47; A63F2300/1087; A63F2300/6045; A63F2300/632; G06F16/4393; G06F3/017; G06F3/167; G10L15/26
8451278,2013,Microsoft Corporation,A63F13/213; A63F13/42; A63F13/428; A63F13/57; A63F13/63; A63F13/65; A63F13/833; A63F2300/1093; A63F2300/6045; A63F2300/64; A63F2300/6615; A63F2300/69; G06F3/011; G06F3/017; G06T13/40
8592739,2013,Microsoft Corporation,G01B11/14; G01J1/0228; G01J1/32
8351652,2013,Microsoft Corporation,G06T17/05; G06V40/23
8509479,2013,Microsoft Corporation,G06V40/103
8498481,2013,Microsoft Corporation,G06T2207/20101; G06T2207/20168; G06T7/11; G06T7/194
8503494,2013,Microsoft Corporation,G05D23/192
8422769,2013,Microsoft Corporation,G06T7/11; G06T7/12; G06T7/143; G06T7/194; G06V10/235
8456419,2013,Microsoft Corporation,G06F2203/0381; G06F3/0346; G06F3/038; G08C17/00; G08C2201/31; G08C2201/32; G08C2201/41; G08C2201/50
8363212,2013,Microsoft Corporation,G01C3/08; G01S17/36; G01S17/894; G01S7/491; G01S7/4914
8542910,2013,Microsoft Corporation,A63F13/213; A63F13/215; A63F13/428; A63F13/52; A63F13/833; A63F2300/1075; A63F2300/5553; A63F2300/6045; A63F2300/6607; G06F3/017; G06T2207/10028; G06T2207/30196; G06T7/194; G06T7/251; G06T7/75; G06V10/34; G06V10/426; G06V20/40; G06V40/10; G06V40/23
8452051,2013,Microsoft Corporation,G06F3/011; G06F3/017
8374423,2013,Microsoft Corporation,G06T2207/10028; G06T7/215; G06T7/254; G06V40/20
8526734,2013,Microsoft Corporation,A63F13/213; A63F2300/1087; A63F2300/6045; A63F2300/6607; G01S17/18; G01S17/894; G06F3/017; G06T15/205; G06T2207/10016; G06T2207/10028; G06T2207/20081; G06T2207/30196; G06T7/251; H04N13/254
8448094,2013,Microsoft Corporation,G06F3/017; G06V20/64; G06V40/28
8523667,2013,Microsoft Corporation,G06F3/011; G06Q30/0607; G06V40/103; G06V40/178; H04N21/4223; H04N21/4542; H04N21/4751; H04N21/4755
8483436,2013,Microsoft Corporation,G06F3/017; G06T15/00; G06T2200/04; G06T2207/10016; G06T2207/10028; G06T2207/30196; G06T7/251; G06T7/579; G06V40/10; H04N13/20
8457353,2013,Microsoft Corporation,G06F3/011; G06F3/017
8611607,2013,Microsoft Corporation,G06F18/231; G06F3/017; G06V10/267; G06V10/7625; G06V40/107; H04N19/436
8499257,2013,Microsoft Corporation,G06F3/017; G06F3/0304; G06F3/04812; G06F3/04842
8565476,2013,Microsoft Corporation,A63F13/211; A63F13/213; A63F13/428; A63F13/833; A63F2300/1093; A63F2300/6607; A63F2300/6615; A63F2300/8029; G06T13/40; G06T2207/10028; G06T2207/30196; G06T7/251; G06V20/64; G06V40/103
8416187,2013,Microsoft Corporation,G06F3/017
8503766,2013,Microsoft Corporation,G06T7/73; G06V10/20; G06V10/40; G06V20/64; G06V40/103; H04N23/611
8553934,2013,Microsoft Corporation,A63F2300/1093; G06F3/017; G06T2207/30196; G06T7/20; H04N13/271; H04N13/366
8578302,2013,Microsoft Corporation,G06F3/017; H04N7/18
8379919,2013,Microsoft Corporation,G06F18/231; G06F3/017; G06V10/267; G06V10/7625; G06V40/107; H04N19/436
8508919,2013,Microsoft Corporation,G06F3/011; Y10T29/49002
8610665,2013,Microsoft Corporation,A63F13/428; A63F2300/1006; A63F2300/1093; G06F3/011; G06F3/033; G06T17/10; G06T19/00; G06V40/103; G06V40/20
8390680,2013,Microsoft Corporation,A63F13/213; A63F13/42; G06F3/011; G06F3/017; G06T13/80
8452087,2013,Microsoft Corporation,G06T11/001; G06T11/60; G06T7/11; G06T7/194
8588465,2013,Microsoft Corporation,A63F13/213; A63F13/42; A63F13/428; A63F13/833; A63F2300/1012; A63F2300/1093; A63F2300/5553; A63F2300/6045; A63F2300/6607; A63F2300/6615; A63F2300/8029; G06T2207/10016; G06T2207/10028; G06T2207/30196; G06T7/251
8411948,2013,Microsoft Corporation,G06T17/00; G06T3/40; G06T7/11; G06T7/136; G06V10/26
8620113,2013,Microsoft Corporation,A63F13/213; G06F3/005; G06F3/017; G06F3/0304
8587773,2013,Microsoft Corporation,G01C3/08; G01S17/36; G01S17/894; G01S7/491; G01S7/4914
8351651,2013,Microsoft Corporation,G06F3/011; G06F3/017
8762894,2014,Microsoft Corporation,A63F13/213; A63F13/215; A63F13/22; A63F13/28; A63F13/42; A63F13/428; A63F13/79; A63F13/833; A63F13/843; A63F2300/5553; A63F2300/6607; G06F3/011; G06F3/017; G06F3/0304; G06F3/04883; G07F17/3206; G07F17/3209
8811938,2014,Microsoft Corporation,B60K2360/1438; B60K2360/146; B60K2360/1464; B60K2360/1472; B60K2360/148; B60K2360/151; B60K2360/166; B60K2360/182; B60K2360/21; B60K2360/566; B60K2360/573; B60K2360/586; B60K2360/5894; B60K2360/5899; B60K2360/592; B60K2360/834; B60K35/10; B60K35/20; B60K35/26; B60K35/28; B60K35/29; B60K35/50; B60K35/80; B60K35/85; G06F1/1632; G06F1/1694; G06F3/0481; H04W4/027; H04W4/90; H04W48/04
8879831,2014,Microsoft Corporation,G06V10/426; G06V40/10
8803800,2014,Microsoft Corporation,G06F3/011; G06F3/012
8908091,2014,Microsoft Corporation,G01B11/27; H04N23/54; H04N23/55
8885890,2014,Microsoft Corporation,G06T2207/10028; G06T2207/20012; G06T2207/30168; G06T5/70
8629976,2014,Microsoft Corporation,G01C3/08; G01S17/36; G01S17/894; G01S7/4915
8682028,2014,Microsoft Corporation,A63F2300/1093; A63F2300/6607; A63F2300/8029; G06T13/40; G06T2207/10028; G06T2207/30196; G06T7/251; G06V40/103
8660310,2014,Microsoft Corporation,G06T17/05; G06V40/23
8861839,2014,Microsoft Corporation,A63F13/213; A63F13/215; A63F13/428; A63F13/52; A63F13/833; A63F2300/1075; A63F2300/5553; A63F2300/6045; A63F2300/6607; G06F3/017; G06T2207/10028; G06T2207/30196; G06T7/194; G06T7/251; G06T7/75; G06V10/34; G06V10/426; G06V20/40; G06V40/10; G06V40/23
8866889,2014,Microsoft Corporation,A63F13/213; A63F13/22; G06F3/017; G06T2207/10021; G06T2207/10028; G06T2207/30196; G06T7/80; H04N13/128; H04N13/271; H04N13/327
8667519,2014,Microsoft Corporation,H04N21/4223; H04N21/44213; H04N21/44218; H04N21/6582
8891827,2014,Microsoft Corporation,G06F3/017; G06T15/00; G06T2200/04; G06T2207/10016; G06T2207/10028; G06T2207/30196; G06T7/251; G06T7/579; G06V40/10; H04N13/20
8843857,2014,Microsoft Corporation,G06F3/011; G06F3/017; G06F3/0304; G06F3/0488; G06V30/242; G06V40/20
8760571,2014,Microsoft Corporation,G01B11/27; H04N23/54; H04N23/55
8660303,2014,Microsoft Corporation,G06V40/103
8760395,2014,Microsoft Corporation,G06F3/011; G06F3/017; G06F3/0304; G06F3/04815; G06T2207/10028; G06T2207/30196; G06T7/75; G06V40/28
8824780,2014,Microsoft Corporation,
8676581,2014,Microsoft Corporation,A63F2300/1081; A63F2300/1087; A63F2300/6072; G06F2218/22; G06V40/161; G10L15/24; G10L17/00; G10L2015/228; G10L2021/02166
8788973,2014,Microsoft Corporation,A63F13/213; A63F13/428; A63F13/655; A63F13/803; A63F13/807; A63F2300/1093; A63F2300/5553; A63F2300/6607; A63F2300/695; G06F3/011
8824749,2014,Microsoft Corporation,A63F13/40; G06F21/32; G06V40/16
8896721,2014,Microsoft Corporation,A63F13/213; A63F13/428; A63F13/533; A63F13/833; A63F2300/1087; A63F2300/6045; A63F2300/6607; G06T2207/10028; G06T2207/30196; G06T7/11; G06V10/26; G06V20/80; G06V40/23
8631355,2014,Microsoft Corporation,A63F13/213; A63F13/22; A63F13/42; A63F13/428; A63F13/67; A63F13/803; A63F13/812; A63F2300/1018; A63F2300/1087; A63F2300/1093; A63F2300/5553; A63F2300/6027; A63F2300/6045; A63F2300/6607; A63F2300/8011; G06F16/436; G06F16/9537; G06F3/017
8630457,2014,Microsoft Corporation,G06V40/23
8687044,2014,Microsoft Corporation,H04N13/128; H04N13/139
8633890,2014,Microsoft Corporation,G06F3/017; G06F3/0304; G06V40/23
8655069,2014,Microsoft Corporation,G06T2207/20096; G06T2207/20101; G06T2207/20104; G06T7/11; G06T7/143; G06V10/26
8649554,2014,Microsoft Corporation,A63F13/213; A63F13/428; G06F3/011; G06F3/016; G06F3/017; G06T11/60; G06T3/20; G06T3/40
8803888,2014,Microsoft Corporation,G06F3/011; G06F3/017; G06T2207/10028; G06T2207/30196; G06T7/251; G06V40/20; G06V40/23; H04L65/4061; H04L67/06; H04L67/131
8724887,2014,Microsoft Corporation,A63F13/213; A63F13/217; A63F13/42; A63F2300/1093; A63F2300/5553; A63F2300/6045; A63F2300/6607; G06F3/005; G06F3/017; G06F3/0304
8869072,2014,Microsoft Corporation,A63F13/00; A63F2300/1012; A63F2300/1093; A63F2300/6045; G06F3/011; G06F3/017; G06F3/033; G06F3/04883; G06V40/113; G06V40/23
8675981,2014,Microsoft Corporation,G06F2203/0381; G06F3/017; G06F3/038; G06V40/103
8702507,2014,Microsoft Corporation,A63F13/213; A63F13/22; A63F13/24; A63F13/42; A63F13/428; A63F13/65; A63F2300/1018; A63F2300/1087; A63F2300/5553; A63F2300/6045; A63F2300/69
8867820,2014,Microsoft Corporation,G06T15/00; G06T19/00; G06T2207/10028; G06T7/11; G06T7/194; G06T7/215; G06T7/254
8891067,2014,Microsoft Corporation,G01C3/08; G01S17/36; G01S17/894; G01S7/4815; G01S7/4911
8745541,2014,Microsoft Corporation,A63F13/211; A63F13/213; A63F13/22; A63F13/42; A63F13/428; A63F2300/1093; G06F3/011; G06F3/012; G06F3/013; G06F3/017; G06F3/0346; G06F3/038; G06T7/20; G06T7/285; G06T7/593; G06V40/20; G06V40/28; H04N13/128; H04N13/239; H04N13/366; H04N2013/0081
8724906,2014,Microsoft Corporation,G06T17/00; G06T7/75; G06V20/653
8920241,2014,Microsoft Corporation,A63F13/213; A63F13/428; A63F13/803; A63F13/837; A63F2300/1093; A63F2300/308; A63F2300/5553; A63F2300/6045; A63F2300/6607; G06F3/017; G06F3/04817; G06F3/0482
8707216,2014,Microsoft Corporation,G06F2203/0381; G06F3/0346; G06F3/038; G08C17/00; G08C2201/31; G08C2201/32; G08C2201/41; G08C2201/50
8884968,2014,Microsoft Corporation,G06T15/205
8681255,2014,Microsoft Corporation,G01S17/18; G01S17/894; H04N9/3182; H04N9/3194
8635637,2014,Microsoft Corporation,G06Q30/02; H04N21/44218
8744121,2014,Microsoft Corporation,A63F13/213; A63F13/215; A63F13/428; A63F13/5375; A63F13/56; A63F13/812; A63F13/833; A63F2300/1043; A63F2300/1081; A63F2300/1087; A63F2300/5553; A63F2300/6045; A63F2300/6607; G06V40/103; G06V40/23; H04N7/183
8644609,2014,Microsoft Corporation,G06T17/00; G06T3/40; G06T7/11; G06T7/136; G06V10/26
8897495,2014,Microsoft Corporation,G06F3/017; G06T15/00; G06T2200/04; G06T2207/10016; G06T2207/10028; G06T2207/30196; G06T7/251; G06T7/579; G06V40/10; H04N13/20
8786730,2014,Microsoft Corporation,H04N17/002
8625837,2014,Microsoft Corporation,A63F13/213; A63F13/424; A63F13/428; A63F13/833; A63F2300/1087; A63F2300/5553; A63F2300/6607; G06F3/011; G06F3/017; H04N1/032; H04N19/40; H04N21/00; H04N21/232; H04N21/234; H04N21/23424; H04N21/236
8864581,2014,Microsoft Corporation,A63F13/213; A63F13/35; A63F13/40; A63F13/42; A63F13/428; A63F13/655; A63F13/79; A63F13/87; A63F2300/1087; A63F2300/1093; A63F2300/5553; A63F2300/6045; A63F2300/6607; A63F9/24; G06V40/16
8693724,2014,Microsoft Corporation,G06F3/005; G06F3/017; G06F3/0304; G06F3/04815; G06F3/04883
8681321,2014,MICROSOFT INTERNATIONAL HOLDINGS B.V.,G01S17/89; G01S17/894; H04N13/20; H04N13/207; H04N23/56; H04N23/73; H04N23/74
8670029,2014,Microsoft Corporation,G02B5/1895; G03B15/03; G03B35/00; G06F3/011; H04N13/254; H04N25/00; H04N25/705
8882310,2014,Microsoft Corporation,F21V13/02; F21V21/00; G01S17/894; G02B27/0938; G02B27/0944; G02B27/20; H01S5/022; H01S5/02208; H01S5/02212; H01S5/02253; H01S5/02257; H01S5/023; H01S5/0233; H01S5/02345; H01S5/0235; H01S5/024; H01S5/02469; H01S5/06209; H01S5/06216; H01S5/4031; H05K1/0243; H05K1/0296; H05K2201/09145; H05K2201/10106; H05K3/0052
8860663,2014,Microsoft Corporation,A63F13/428; A63F2300/1006; A63F2300/1093; G06F3/011; G06F3/033; G06T17/10; G06T19/00; G06V40/103; G06V40/20
8781156,2014,Microsoft Corporation,A63F13/213; A63F13/215; A63F13/79; G06F16/7834; G06V40/70; G10L17/10; G10L2021/02166
8898687,2014,Microsoft Corporation,H04N21/442
8775916,2014,Microsoft Corporation,G06F18/217; G06T2207/10024; G06T2207/10028; G06T2207/30196; G06T7/251; G06T7/70; G06V10/28; G06V10/776; G06V40/103
8897493,2014,Microsoft Corporation,G06F3/011; G06F3/017; G06T15/005; G06T2207/10028; G06V20/64; G06V40/10; G06V40/103; G06V40/20
8818002,2014,Microsoft Corporation,G01S3/86; H04B7/0854; H04R2430/20; H04R3/005
8659658,2014,Microsoft Corporation,A63F2300/1093; A63F2300/8011; G06F3/011; G06F3/017; G06F3/0304; G06T2207/10028; G06T2207/30196; G06T7/251; G06V40/103
8751215,2014,Microsoft Corporation,E05F15/00; E05Y2400/852; E05Y2400/86; G06F3/017; G06F40/44; G06F40/45; G06V40/113; G06V40/28; G09B21/009
8634636,2014,Microsoft Corporation,
8749557,2014,Microsoft Corporation,G06F3/011; G06F3/017; G06T13/40
8782567,2014,Microsoft Corporation,A63F13/00; A63F2300/1012; A63F2300/1093; A63F2300/6045; G06F3/011; G06F3/017; G06F3/033; G06F3/04883; G06V40/113; G06V40/23
8854426,2014,Microsoft Corporation,A63F13/213; A63F13/40; A63F13/42; A63F2300/1093; A63F2300/6045
8717469,2014,Microsoft Corporation,G01C3/08; G01S17/894; G01S7/4863; H04N13/20; H04N13/204; H04N13/254; H04N13/296; H04N23/73; H04N25/00; H04N25/50; H10F39/12; H10F39/15; H10F39/803
8787658,2014,Microsoft Corporation,G06T7/11; G06T7/12; G06T7/143; G06T7/194; G06V10/235
8892495,2014,"Blanding Hovenweep, LLC",F24F11/30; F24F11/62; F24F2120/10; G05B2219/2642; G06F7/023; G06N20/00; G06N5/048; G06N7/06
8803952,2014,Microsoft Corporation,A63F13/213; A63F13/235; A63F13/52; A63F2300/1031; A63F2300/1087; A63F2300/66; G01S17/87; G01S17/894
8773355,2014,Microsoft Corporation,A63F13/10; A63F13/213; A63F13/428; A63F13/45; A63F13/79; A63F2300/1093; A63F2300/6045; G06F3/011
8917240,2014,Microsoft Corporation,A63F13/211; A63F13/213; A63F13/42; A63F13/426; A63F13/428; A63F13/533; A63F2300/1087; A63F2300/308; A63F2300/6045; A63F2300/6607; A63F2300/6615; G06F3/011; G06F3/017
8897491,2014,Microsoft Corporation,A63F13/213; A63F13/428; A63F13/44; A63F13/812; A63F2300/1087; A63F2300/6045; A63F2300/6607; A63F2300/6615; G06F3/0425; G06F3/04883; G06T11/20; G06T2207/10028; G06T2207/30196; G06T7/251; G06V40/113; G06V40/28
8888331,2014,Microsoft Corporation,G01S17/894; G01S7/4814; G01S7/484; H01L2224/48091; H01L2924/13091; H01S5/02212; H01S5/02253; H01S5/02257; H01S5/023; H01S5/0233; H01S5/0235; H10H20/8506; H10H20/857
8723118,2014,Microsoft Corporation,G01J3/02; G01J3/0205; G01J3/0224; G01J3/0229; G01J3/0235; H04N13/254; H04N23/11
8856691,2014,Microsoft Corporation,G06F3/017; G06F3/0481; G06F3/04847
8638985,2014,Microsoft Corporation,G06V40/103
9001118,2015,"MICROSOFT TECHNOLOGY LICENSING, LLC",A63F13/213; A63F13/655; G06T13/40; G06T17/20; G06T2207/10028; G06T7/344; G06V10/426; G06V10/754; G06V10/757; G06V20/653; G06V40/103
9052382,2015,"MICROSOFT TECHNOLOGY LICENSING, LLC",G01C3/08; G01S17/36; G01S17/894; G01S7/491; G01S7/4914
9015638,2015,"MICROSOFT TECHNOLOGY LICENSING, LLC",A63F13/213; A63F13/22; A63F13/28; A63F13/42; A63F13/428; A63F13/53; A63F13/812; A63F13/814; A63F13/833; A63F13/843; A63F2300/1093; A63F2300/6045; A63F2300/6607; G06F3/011; G06F3/017; G06F3/0304; G06F3/04883
9069381,2015,"MICROSOFT TECHNOLOGY LICENSING, LLC",A63F13/45; A63F13/47; A63F2300/10; A63F2300/1087; A63F2300/1093; A63F2300/6045; A63F2300/8023; A63F2300/8088; G06F3/011; G06F3/017
9123316,2015,"MICROSOFT TECHNOLOGY LICENSING, LLC",G05B15/02; G06F3/011; G06F3/017; G06F3/165; G10H1/0008; G10H2220/201; G10H2220/455
8926431,2015,Microsoft Corporation,A63F13/213; A63F13/35; A63F13/40; A63F13/42; A63F13/428; A63F13/655; A63F13/79; A63F13/87; A63F2300/1087; A63F2300/1093; A63F2300/5553; A63F2300/6045; A63F2300/6607; A63F9/24; G06V40/16
8942428,2015,Microsoft Corporation,A63F13/213; G06F2203/012; G06F3/011; G06F3/017; G06V40/20; G06V40/23; G06V40/28
9191570,2015,"MICROSOFT TECHNOLOGY LICENSING, LLC",G06T7/73; G06V10/20; G06V10/40; G06V20/64; G06V40/103; H04N23/611
8929668,2015,Microsoft Corporation,G06T2207/10016; G06T2207/10024; G06T2207/10028; G06T2207/20072; G06T7/12; G06T7/162; G06T7/194
9100685,2015,"MICROSOFT TECHNOLOGY LICENSING, LLC",H04N21/42201; H04N21/42203; H04N21/4223; H04N21/44213; H04N21/44218; H04N21/4667
8983233,2015,"MICROSOFT TECHNOLOGY LICENSING, LLC",G01S17/18; G01S17/32; G01S17/50; G01S17/894; G06T7/593
8963829,2015,Microsoft Corporation,G06F3/011; G06F3/012; G06F3/017; G06T2200/04; G06T2207/10028; G06T2207/20021; G06T2207/30196; G06T2210/12; G06T2219/2004; G06T7/246; G06V20/64; G06V40/28
8970487,2015,"MICROSOFT TECHNOLOGY LICENSING, LLC",A63F13/213; A63F13/215; A63F13/428; A63F13/52; A63F13/833; A63F2300/1075; A63F2300/5553; A63F2300/6045; A63F2300/6607; G06F3/017; G06T2207/10028; G06T2207/30196; G06T7/194; G06T7/251; G06T7/75; G06V10/34; G06V10/426; G06V20/40; G06V40/10; G06V40/23
9098873,2015,"MICROSOFT TECHNOLOGY LICENSING, LLC",G06F3/017; G06Q30/02; G06Q30/0641; G06Q30/0643
9195305,2015,"MICROSOFT TECHNOLOGY LICENSING, LLC",G06F3/011; G06F3/017
8929612,2015,Microsoft Corporation,G06V10/46; G06V40/10; G06V40/107
8994718,2015,"MICROSOFT TECHNOLOGY LICENSING, LLC",G06F2203/04806; G06F3/005; G06F3/011; G06F3/017; G06F3/0304; G06F3/0346; G06F3/0485; G06F3/0486; G06T13/40
9171264,2015,"MICROSOFT TECHNOLOGY LICENSING, LLC",G06F18/24317; G06N20/00; G06N20/10; G06N5/046; G06V10/764; G06V10/955
9019201,2015,"MICROSOFT TECHNOLOGY LICENSING, LLC",G06F3/017; G06V40/23
9210401,2015,"MICROSOFT TECHNOLOGY LICENSING, LLC",G06F3/017; G06V40/28; G09B19/003; G16H20/30; H04N13/156; H04N9/3147; H04N9/3185
9182814,2015,"MICROSOFT TECHNOLOGY LICENSING, LLC",G06F3/011; G06V40/103
8971612,2015,Microsoft Corporation,G06F18/24323; G06F18/28; G06T2207/20081; G06T7/55; G06V10/764; G06V10/772
9067136,2015,"MICROSOFT TECHNOLOGY LICENSING, LLC",A63F13/213; A63F13/22; A63F13/42; A63F13/428; A63F2300/1093; A63F2300/6045; A63F2300/6607; G06F3/011; G06F3/017; G06F3/0425; G06F3/04815
8942917,2015,Microsoft Corporation,G06F16/7837; G06V20/20
9031103,2015,"MICROSOFT TECHNOLOGY LICENSING, LLC",H01S5/02415; H01S5/0617; H01S5/06804; H01S5/0683; H01S5/06837; H05B45/14; H05B45/18
8959541,2015,"MICROSOFT TECHNOLOGY LICENSING, LLC",G06Q90/00; H04N21/252; H04N21/2668; H04N21/42201; H04N21/44213; H04N21/44218; H04N21/458; H04N21/4667; H04N21/6582; H04N21/812
9117281,2015,Microsoft Corporation,G06T2207/10024; G06T2207/10028; G06T7/00; G06T7/11; G06T7/50; H04N13/20; H04N13/239
9013489,2015,"MICROSOFT TECHNOLOGY LICENSING, LLC",A63F13/213; A63F13/40; A63F13/63; A63F13/655; A63F13/79; A63F2300/1093; A63F2300/5553; A63F2300/6607; G06T19/20; G06T2200/08; G06V40/171
8988508,2015,"MICROSOFT TECHNOLOGY LICENSING, LLC",A63F2300/1093; G01S17/87; G01S17/894; G06F3/011; G06F3/017; G06V10/147; H04N13/239; H04N13/243; H04N13/254; H04N23/56; H04N23/698
8953844,2015,"MICROSOFT TECHNOLOGY LICENSING, LLC",A63F13/213; A63F13/428; A63F13/67; A63F13/812; A63F2300/1093; A63F2300/6027; A63F2300/6045; A63F2300/6607; A63F2300/6615; G06F3/011; G06F3/0304; G06T2207/10021; G06T2207/10028; G06T2207/20076; G06T2207/30196; G06T7/251; G06V40/103
9039528,2015,"MICROSOFT TECHNOLOGY LICENSING, LLC",A63F13/213; A63F13/428; A63F2300/1093; A63F2300/6607; G06T2207/10021; G06T2207/10028; G06T2207/30196; G06T7/251
9147253,2015,"MICROSOFT TECHNOLOGY LICENSING, LLC",G01C3/08; G01S17/10; G01S17/36; G01S17/42; G01S17/48; G01S17/66; G01S17/88; G01S17/89; G01S7/4817; G06T2207/30196; G06T7/521
9008355,2015,"MICROSOFT TECHNOLOGY LICENSING, LLC",A63F2300/1087; A63F2300/8029; G01S3/786; G06T2207/10028; G06T7/73; H04N13/271
9063001,2015,"MICROSOFT TECHNOLOGY LICENSING, LLC",G01J1/02; G01J1/0228; G01J1/32
9141193,2015,"MICROSOFT TECHNOLOGY LICENSING, LLC",G06F3/017; G06F3/038; G06F3/0416; G06F3/04842; G06F3/16; G06F3/167; G06V40/28
9052746,2015,"MICROSOFT TECHNOLOGY LICENSING, LLC",G06F3/017; G06T2207/10028; G06T2207/30196; G06T7/66; G06V40/20
9075434,2015,"MICROSOFT TECHNOLOGY LICENSING, LLC",G06F3/011; G06F3/017; G06F3/0304
8933884,2015,Microsoft Corporation,A63F13/213; A63F13/424; A63F13/428; A63F13/533; A63F13/803; A63F13/833; A63F2300/1093; A63F2300/5553; A63F2300/6045; A63F2300/6072; A63F2300/6607; A63F2300/8017; A63F2300/8023; G06F3/017; G06F3/038
9007417,2015,"MICROSOFT TECHNOLOGY LICENSING, LLC",G06F3/011; G06F3/017; G06T15/005; G06T2207/10028; G06V20/64; G06V40/10; G06V40/103; G06V40/20
9215478,2015,"MICROSOFT TECHNOLOGY LICENSING, LLC",A63F13/213; A63F13/424; A63F13/428; A63F13/833; A63F2300/1087; A63F2300/5553; A63F2300/6607; G06F3/011; G06F3/017; H04N1/032; H04N19/40; H04N21/00; H04N21/232; H04N21/234; H04N21/23424; H04N21/236
8968091,2015,"MICROSOFT TECHNOLOGY LICENSING, LLC",A63F13/213; A63F13/215; A63F13/428; A63F13/814; A63F13/833; A63F2300/1093; A63F2300/5553; A63F2300/6045; A63F2300/6607
8953842,2015,Conti Temic microelectronic GmbH,G06V10/421; G06V20/582
9135516,2015,"MICROSOFT TECHNOLOGY LICENSING, LLC",A63F13/211; A63F13/213; A63F13/428; A63F2300/105; A63F2300/1087; A63F2300/1093; A63F2300/6045; G06T2207/10016; G06T2207/10021; G06T2207/10024; G06T2207/10028; G06T2207/30196; G06T2207/30221; G06T2207/30241; G06T7/11; G06T7/20; G06T7/246; G06T7/60; G06T7/73; G06T7/75; G06V10/44; G06V40/103; G06V40/23
9208571,2015,"MICROSOFT TECHNOLOGY LICENSING, LLC",A63F13/213; A63F13/53; A63F2300/1093; A63F2300/6018; G06T15/08; G06T19/20; G06T2200/08; G06T2207/10004; G06T2207/10028; G06T2219/2012; G06T7/12; G06T7/50; G06T7/70; H04N13/257; H04N13/268; H04N13/271; H04N5/2226
9098493,2015,"MICROSOFT TECHNOLOGY LICENSING, LLC",E05F15/00; E05Y2400/852; E05Y2400/86; G06F3/017; G06F40/44; G06F40/45; G06V40/113; G06V40/28; G09B21/009
9054764,2015,"MICROSOFT TECHNOLOGY LICENSING, LLC",H04B7/0854
9092657,2015,"MICROSOFT TECHNOLOGY LICENSING, LLC",G06T19/00; G06T2207/10028; G06T5/77; G06V20/64
9098110,2015,"MICROSOFT TECHNOLOGY LICENSING, LLC",G06F3/012; G06V40/20
8988437,2015,"MICROSOFT TECHNOLOGY LICENSING, LLC",G06T13/00; G06T13/80; G06V40/23
9154837,2015,"MICROSOFT TECHNOLOGY LICENSING, LLC",G06Q30/02; H04N21/44218
8928579,2015,Individual/Unknown,G06F3/011; G06F3/017; G10L15/26
8982151,2015,"MICROSOFT TECHNOLOGY LICENSING, LLC",G06F3/1423; G09G2340/0407; G09G2340/08; G09G2340/12
8976986,2015,"MICROSOFT TECHNOLOGY LICENSING, LLC",G06F3/165; H03G3/30; H03G3/3005; H04S2400/13; H04S7/303
9159151,2015,"MICROSOFT TECHNOLOGY LICENSING, LLC",A63F13/213; A63F13/56; A63F13/58; A63F13/67; G01S17/36; G01S17/89; G06F3/011; G06F3/017; G06T13/40; H04N21/4223; H04N21/44218; H04N21/4532; H04N21/4667; H04N21/4781
9137463,2015,"MICROSOFT TECHNOLOGY LICENSING, LLC",G01S17/894; G01S7/4816; H04N13/271; H04N23/70; H04N25/46
8988432,2015,"MICROSOFT TECHNOLOGY LICENSING, LLC",A63F13/213; A63F13/52; A63F13/655; A63F13/833; A63F2300/1093; A63F2300/5553; A63F2300/6045; A63F2300/6607; G06F3/017; G06V10/30; G06V20/64
9056254,2015,"MICROSOFT TECHNOLOGY LICENSING, LLC",A63F13/213; A63F13/40; A63F13/42; A63F2300/1093; A63F2300/6045
9454244,2016,"MICROSOFT TECHNOLOGY LICENSING, LLC",G06F2203/0381; G06F3/0346; G06F3/038; G08C17/00; G08C2201/31; G08C2201/32; G08C2201/41; G08C2201/50
9465980,2016,"MICROSOFT TECHNOLOGY LICENSING, LLC",A63F13/428; A63F2300/1006; A63F2300/1093; G06F3/011; G06F3/033; G06T17/10; G06T19/00; G06V40/103; G06V40/20
9519989,2016,"MICROSOFT TECHNOLOGY LICENSING, LLC",A63F13/213; A63F13/42; G06F3/011; G06F3/017; G06T13/80
9519970,2016,"MICROSOFT TECHNOLOGY LICENSING, LLC",G06T7/73; G06V10/20; G06V10/40; G06V20/64; G06V40/103; H04N23/611
9251590,2016,"MICROSOFT TECHNOLOGY LICENSING, LLC",A63F13/00; A63F13/213; A63F2009/2435; G06T19/006; G06T2207/10024; G06T2207/10028; G06T2207/30244; G06T7/50; G06T7/521; G06T7/593; G06T7/74; G06T7/75; G06T7/80
9468848,2016,"MICROSOFT TECHNOLOGY LICENSING, LLC",A63F13/213; A63F13/22; A63F13/42; A63F13/428; A63F13/67; A63F13/803; A63F13/812; A63F2300/1018; A63F2300/1087; A63F2300/1093; A63F2300/5553; A63F2300/6027; A63F2300/6045; A63F2300/6607; A63F2300/8011; G06F16/436; G06F16/9537; G06F3/017
9342139,2016,"MICROSOFT TECHNOLOGY LICENSING, LLC",G06F3/005; G06F3/033; G06F3/038
9313376,2016,"MICROSOFT TECHNOLOGY LICENSING, LLC",G06F1/325; H04N1/00161; H04N13/398; H04N23/56; H04N23/65; H04N23/6812; H04N23/6815
9247238,2016,"MICROSOFT TECHNOLOGY LICENSING, LLC",G01B11/22; G01B9/08; G06T7/55; H04N13/271; H04N23/11; H04N23/20; H04N23/80; H04N23/90
9311560,2016,"MICROSOFT TECHNOLOGY LICENSING, LLC",A63F13/211; A63F13/213; A63F13/428; A63F2300/105; A63F2300/1087; A63F2300/1093; A63F2300/6045; G06T2207/10016; G06T2207/10021; G06T2207/10024; G06T2207/10028; G06T2207/30196; G06T2207/30221; G06T2207/30241; G06T7/11; G06T7/20; G06T7/246; G06T7/60; G06T7/73; G06T7/75; G06V10/44; G06V40/103; G06V40/23
9529566,2016,"MICROSOFT TECHNOLOGY LICENSING, LLC",G05B15/02; G06F3/011; G06F3/017; G06F3/165; G10H1/0008; G10H2220/201; G10H2220/455
9462253,2016,"MICROSOFT TECHNOLOGY LICENSING, LLC",G01S17/89; G01S7/481; G01S7/4815; G02B19/0057; G02B27/0961; G02B27/48; G02B3/0056; H04N13/128; H04N13/207; H04N13/229; H04N2013/0081; H04N23/20; H04N23/55; H04N23/56
9274606,2016,"MICROSOFT TECHNOLOGY LICENSING, LLC",G06F3/017; G06F3/0484; H04N21/4223; H04N21/4788; H04N7/142; H04N7/147; H04N7/15
9436879,2016,Conti Temic microelectronic GmbH,G06F2218/12; G06V20/582; G08G1/09623
9259643,2016,"MICROSOFT TECHNOLOGY LICENSING, LLC",A63F13/213; A63F13/24; A63F13/42; A63F13/53; A63F13/655; A63F2300/1093; A63F2300/6045; A63F2300/6607
9498718,2016,"MICROSOFT TECHNOLOGY LICENSING, LLC",A63F13/213; A63F13/42; A63F13/428; A63F13/5255; A63F13/833; A63F2300/1093; A63F2300/5553; A63F2300/6045; A63F2300/6676; G06F3/011; G06F3/017
9256282,2016,"MICROSOFT TECHNOLOGY LICENSING, LLC",G06F3/011; G06F3/017
9280203,2016,"MICROSOFT TECHNOLOGY LICENSING, LLC",A63F13/00; A63F2300/1012; A63F2300/1093; A63F2300/6045; G06F3/011; G06F3/017; G06F3/033; G06F3/04883; G06V40/113; G06V40/23
9400559,2016,"MICROSOFT TECHNOLOGY LICENSING, LLC",G06F3/017; G06F3/038; G06F3/0488; G06F3/04883
9508385,2016,"MICROSOFT TECHNOLOGY LICENSING, LLC",A63F13/63; A63F13/655; A63F13/86; G11B20/10527; G11B2020/10537; G11B27/034; G11B27/036; G11B27/10; G11B27/34; H04N21/47205; H04N21/4781; H04N21/4788; H04N21/8456
9418303,2016,Conti Temic microelectronic GmbH,G06V10/32; G06V20/582
9400548,2016,"MICROSOFT TECHNOLOGY LICENSING, LLC",A63F13/213; A63F13/215; A63F13/22; A63F13/424; A63F13/428; A63F13/71; A63F13/77; A63F13/79; A63F2300/1018; A63F2300/1081; A63F2300/1093; A63F2300/208; A63F2300/401; A63F2300/532; A63F2300/552; A63F2300/5546; A63F2300/5553; A63F2300/6045; G06F3/011; G06F3/017; G06V40/20
9298263,2016,"MICROSOFT TECHNOLOGY LICENSING, LLC",G06F3/011; G06F3/017; G06V40/23
9372544,2016,"MICROSOFT TECHNOLOGY LICENSING, LLC",G06F3/011; G06F3/017; G06F3/0304; G06F3/04815; G06T2207/10028; G06T2207/30196; G06T7/75; G06V40/28
9264807,2016,"MICROSOFT TECHNOLOGY LICENSING, LLC",H04M9/082; H04R3/005; H04R3/02
9524024,2016,"MICROSOFT TECHNOLOGY LICENSING, LLC",A63F13/213; A63F13/428; G06F3/011; G06F3/016; G06F3/017; G06T11/60; G06T3/20; G06T3/40
9443310,2016,"MICROSOFT TECHNOLOGY LICENSING, LLC",A63F13/213; A63F13/49; A63F13/816; A63F13/833; A63F13/87; G01B11/25; G01S17/89; G01S7/4815; G01S7/4818; G01S7/4863; G02B19/0057; G02B27/0922; G02B27/425; G06T7/50; G06T7/521; H04N13/254
9442186,2016,"MICROSOFT TECHNOLOGY LICENSING, LLC",G01S17/36; G01S17/87; G01S17/894; G01S7/4865; G01S7/493
9484065,2016,"MICROSOFT TECHNOLOGY LICENSING, LLC",G11B27/105; G11B27/28; G11B27/322; H04N21/44218; H04N21/8455; H04N21/8549
9491226,2016,"MICROSOFT TECHNOLOGY LICENSING, LLC",G06F3/011; G06F3/017; G06T2207/10028; G06T2207/30196; G06T7/251; G06V40/20; G06V40/23; H04L65/4061; H04L67/06; H04L67/131
9470778,2016,"MICROSOFT TECHNOLOGY LICENSING, LLC",G01S17/894; G01S7/497; G06T2207/10028; G06T7/80; H04N13/20; H04N17/002
9478057,2016,"MICROSOFT TECHNOLOGY LICENSING, LLC",G06T13/00; G06T13/80; G06V40/23
9274747,2016,"MICROSOFT TECHNOLOGY LICENSING, LLC",A63F13/10; A63F13/12; A63F13/20; A63F13/21; A63F13/213; A63F13/215; A63F13/30; A63F13/424; A63F13/45; A63F13/47; A63F2300/1087; A63F2300/6045; A63F2300/632; G06F16/4393; G06F3/017; G06F3/167; G10L15/26
9519828,2016,"MICROSOFT TECHNOLOGY LICENSING, LLC",A63F13/213; G06F2203/012; G06F3/011; G06F3/017; G06V40/20; G06V40/23; G06V40/28
9291449,2016,"MICROSOFT TECHNOLOGY LICENSING, LLC",G01B11/14; G01J1/0228; G01J1/32
9244533,2016,"MICROSOFT TECHNOLOGY LICENSING, LLC",A63F13/213; A63F13/42; A63F13/812; A63F2300/1087; A63F2300/6045; A63F2300/8011; G06F2203/011; G06F3/017; G09B19/00; G09B21/00; G09B21/009; G09B5/02; G09B5/06; H04L67/10; H04L67/131; H04L67/30; H04L67/75
9278287,2016,"MICROSOFT TECHNOLOGY LICENSING, LLC",A63F13/213; A63F13/35; A63F13/40; A63F13/42; A63F13/428; A63F13/655; A63F13/79; A63F13/87; A63F2300/1087; A63F2300/1093; A63F2300/5553; A63F2300/6045; A63F2300/6607; A63F9/24; G06V40/16
9383823,2016,"MICROSOFT TECHNOLOGY LICENSING, LLC",A63B2024/0025; A63F2300/105; A63F2300/1087; A63F2300/64; G06F3/005; G06F3/011; G06F3/012; G06F3/013; G06F3/014; G06F3/017; G06F3/0346; G06F3/167; G09G2340/12; G10H2220/401
9262673,2016,"MICROSOFT TECHNOLOGY LICENSING, LLC",G06F3/017; G06T2207/10028; G06T2207/20076; G06T2207/30196; G06T7/50; G06V40/103; G06V40/20
9489053,2016,"MICROSOFT TECHNOLOGY LICENSING, LLC",G06F2203/04806; G06F3/005; G06F3/011; G06F3/017; G06F3/0304; G06F3/0346; G06F3/0485; G06F3/0486; G06T13/40
9349040,2016,"MICROSOFT TECHNOLOGY LICENSING, LLC",G06F3/017; G06V40/10; G06V40/107; G06V40/20; G06V40/28
9298287,2016,"MICROSOFT TECHNOLOGY LICENSING, LLC",G06F2203/0381; G06F3/017; G06F3/038; G06F3/0487; G06F3/167; G10L15/22
9292083,2016,"MICROSOFT TECHNOLOGY LICENSING, LLC",G06F3/011; G06F3/017; G06T13/40
9377857,2016,"MICROSOFT TECHNOLOGY LICENSING, LLC",G06F3/011; G06F3/017; G06V40/23
9242171,2016,"MICROSOFT TECHNOLOGY LICENSING, LLC",A63F13/00; A63F13/213; A63F13/42; A63F13/65; A63F2300/1087; A63F2300/69; G06T2207/10028; G06T2207/10048; G06T2207/30244; G06T7/251; G06T7/30; G06V20/10; H04N25/00; H04N25/705
9384329,2016,"MICROSOFT TECHNOLOGY LICENSING, LLC",G16H20/30
9522328,2016,"MICROSOFT TECHNOLOGY LICENSING, LLC",A63F13/213; A63F13/215; A63F13/428; A63F13/52; A63F13/833; A63F2300/1075; A63F2300/5553; A63F2300/6045; A63F2300/6607; G06F3/017; G06T2207/10028; G06T2207/30196; G06T7/194; G06T7/251; G06T7/75; G06V10/34; G06V10/426; G06V20/40; G06V40/10; G06V40/23
9268404,2016,"MICROSOFT TECHNOLOGY LICENSING, LLC",G06F3/017
9557836,2017,"MICROSOFT TECHNOLOGY LICENSING, LLC",A63F13/213; A63F13/42; A63F13/428; A63F13/833; A63F2300/1093; A63F2300/5553; A63F2300/6045; A63F2300/8082; G06F18/2411; G06F3/017; G06F3/0304; G06F3/038; G06T2207/10028; G06V40/10; G06V40/103; G06V40/107; H04N19/597
9787943,2017,"MICROSOFT TECHNOLOGY LICENSING, LLC",G06F3/017; G06F3/0484; H04N21/4223; H04N21/4788; H04N7/142; H04N7/147; H04N7/15
9679390,2017,"MICROSOFT TECHNOLOGY LICENSING, LLC",G06T15/00; G06T19/00; G06T2207/10028; G06T7/11; G06T7/194; G06T7/215; G06T7/254
9596643,2017,"MICROSOFT TECHNOLOGY LICENSING, LLC",B60K2360/1438; B60K2360/146; B60K2360/1464; B60K2360/1472; B60K2360/148; B60K2360/151; B60K2360/166; B60K2360/182; B60K2360/21; B60K2360/566; B60K2360/573; B60K2360/586; B60K2360/5894; B60K2360/5899; B60K2360/592; B60K2360/834; B60K35/10; B60K35/20; B60K35/26; B60K35/28; B60K35/29; B60K35/50; B60K35/80; B60K35/85; G06F1/1632; G06F1/1694; G06F3/0481; H04W4/027; H04W4/90; H04W48/04
9696427,2017,"MICROSOFT TECHNOLOGY LICENSING, LLC",G01B11/2513; G01S17/894; H04N13/254; H04N13/271
9788032,2017,"MICROSOFT TECHNOLOGY LICENSING, LLC",G06Q90/00; H04N21/252; H04N21/2668; H04N21/42201; H04N21/44213; H04N21/44218; H04N21/458; H04N21/4667; H04N21/6582; H04N21/812
9848106,2017,"MICROSOFT TECHNOLOGY LICENSING, LLC",A63F13/00; A63F13/20; A63F13/213; A63F13/219; A63F13/428; A63F13/655; A63F2300/63; A63F2300/695; H04N23/00; H04N23/90
9535563,2017,"Blanding Hovenweep, LLC",G05B15/02; G06F3/048; G06N20/00; G06N5/025; G06Q30/02; G06Q30/0248; G06Q30/0255; G06Q30/0267; G06Q30/0269; G06Q30/0273; H04N2005/91328; H04N2005/91364; H04N21/4131; H04N21/42201; H04N21/44224; H04N21/4532; H04N21/47; H04N5/782; H04N5/913
9842405,2017,"MICROSOFT TECHNOLOGY LICENSING, LLC",A63F13/213; A63F13/42; A63F13/428; A63F13/833; A63F2300/1012; A63F2300/1093; A63F2300/5553; A63F2300/6045; A63F2300/6607; A63F2300/6615; A63F2300/8029; G06T2207/10016; G06T2207/10028; G06T2207/30196; G06T7/251
9724600,2017,"MICROSOFT TECHNOLOGY LICENSING, LLC",A63F13/10; A63F13/40; A63F13/45; A63F2300/1087; A63F2300/6045; A63F2300/6607; A63F2300/69
9597587,2017,"MICROSOFT TECHNOLOGY LICENSING, LLC",A63F13/213; A63F13/215; A63F13/216; A63F13/218; A63F13/22; A63F13/31; A63F2003/00646; A63F2009/2402; A63F2009/2438; A63F2009/2452; A63F2009/246; A63F2009/2461; A63F2009/2486; A63F2009/2492; A63F2250/18; A63F2300/1018; A63F2300/1068; A63F2300/1093; A63F2300/6045; A63F3/00529; A63F3/00643; H04N13/254
9769459,2017,"MICROSOFT TECHNOLOGY LICENSING, LLC",A63F13/213; G06V40/23; H01S5/042; H01S5/0427; H01S5/0651; H01S5/06808; H01S5/06825; H04N13/254
9659377,2017,"MICROSOFT TECHNOLOGY LICENSING, LLC",G06F3/011; G06F3/012; G06F3/017; G06T2200/04; G06T2207/10028; G06T2207/20021; G06T2207/30196; G06T2210/12; G06T2219/2004; G06T7/246; G06V20/64; G06V40/28
9656162,2017,"MICROSOFT TECHNOLOGY LICENSING, LLC",A63F13/213; A63F13/215; A63F13/428; A63F13/5375; A63F13/56; A63F13/812; A63F13/833; A63F2300/1043; A63F2300/1081; A63F2300/1087; A63F2300/5553; A63F2300/6045; A63F2300/6607; G06V40/103; G06V40/23; H04N7/183
9569005,2017,"MICROSOFT TECHNOLOGY LICENSING, LLC",G06F3/005; G06F3/017; G06F3/0304; G06F3/04815; G06F3/04883
9539500,2017,"MICROSOFT TECHNOLOGY LICENSING, LLC",A63F13/40; G06F21/32; G06V40/16
9607213,2017,"MICROSOFT TECHNOLOGY LICENSING, LLC",G06F3/011; G06F3/017; G06T15/005; G06T2207/10028; G06V20/64; G06V40/10; G06V40/103; G06V40/20
9646340,2017,"MICROSOFT TECHNOLOGY LICENSING, LLC",G06F3/011; G06F3/017; G06Q30/02; G06Q30/0641; G06Q30/0643; G06T15/00; G06T17/20; G06T19/20
9697430,2017,Conti Temic microelectronic GmbH,G06V10/255; G06V10/30; G06V20/582; G06V20/63
9824260,2017,"MICROSOFT TECHNOLOGY LICENSING, LLC",G06T19/00; G06T2207/10028; G06T5/77; G06V20/64
9641825,2017,MICROSOFT INTERNATIONAL HOLDINGS B.V.,G01S17/89; G01S17/894; H04N13/20; H04N13/207; H04N23/56; H04N23/73; H04N23/74
9823339,2017,"MICROSOFT TECHNOLOGY LICENSING, LLC",G01S17/894; G01S7/4816; G01S7/486; G01S7/4863
9824480,2017,"MICROSOFT TECHNOLOGY LICENSING, LLC",G06T13/00; G06T13/80; G06V40/23
9720089,2017,"MICROSOFT TECHNOLOGY LICENSING, LLC",G01S17/10; G01S17/87; G01S17/894; H04N13/239
9652042,2017,"MICROSOFT TECHNOLOGY LICENSING, LLC",G06F13/105; G06F3/017; G06F3/023; G06F3/038; G06V40/28
9674563,2017,"Rovi Guides, Inc.",H04N21/251; H04N21/25891; H04N21/42221; H04N21/4223; H04N21/44218; H04N21/4532; H04N21/4821; H04N21/4826
9628844,2017,"MICROSOFT TECHNOLOGY LICENSING, LLC",H04N21/42201; H04N21/42203; H04N21/4223; H04N21/44213; H04N21/44218; H04N21/4667
9821224,2017,"MICROSOFT TECHNOLOGY LICENSING, LLC",A63F13/212; A63F13/213; A63F13/428; A63F13/57; A63F13/803; A63F2300/1087; A63F2300/1093; A63F2300/5553; A63F2300/6045; A63F2300/6607; A63F2300/8017; G06F3/017; G09B9/04
9551914,2017,"MICROSOFT TECHNOLOGY LICENSING, LLC",G03B15/05; G03B2215/0592
9594430,2017,"MICROSOFT TECHNOLOGY LICENSING, LLC",G06F3/017
9582717,2017,"MICROSOFT TECHNOLOGY LICENSING, LLC",G06F3/017; G06T15/00; G06T2200/04; G06T2207/10016; G06T2207/10028; G06T2207/30196; G06T7/251; G06T7/579; G06V40/10; H04N13/20
9836590,2017,"MICROSOFT TECHNOLOGY LICENSING, LLC",G06F21/32; G06F2221/2111; G06V20/52; G10L25/27
9619561,2017,"MICROSOFT TECHNOLOGY LICENSING, LLC",G06F16/7837; G06V20/20
9821226,2017,"MICROSOFT TECHNOLOGY LICENSING, LLC",A63F13/213; A63F13/215; A63F13/428; A63F13/52; A63F13/833; A63F2300/1075; A63F2300/5553; A63F2300/6045; A63F2300/6607; G06F3/017; G06T2207/10028; G06T2207/30196; G06T7/194; G06T7/251; G06T7/75; G06V10/34; G06V10/426; G06V20/40; G06V40/10; G06V40/23
9557574,2017,"MICROSOFT TECHNOLOGY LICENSING, LLC",G01C3/08; G02B27/286; G02B27/48; G06F3/0304
9953426,2018,"MICROSOFT TECHNOLOGY LICENSING, LLC",A63F13/213; A63F13/53; A63F2300/1093; A63F2300/6018; G06T15/08; G06T19/20; G06T2200/08; G06T2207/10004; G06T2207/10028; G06T2219/2012; G06T7/12; G06T7/50; G06T7/70; H04N13/257; H04N13/268; H04N13/271; H04N5/2226
10113868,2018,"MICROSOFT TECHNOLOGY LICENSING, LLC",G01C3/08; G01S17/36; G01S17/894; G01S7/4815; G01S7/4911
9953213,2018,"MICROSOFT TECHNOLOGY LICENSING, LLC",G06F2203/0382; G06F3/005; G06F3/017; G06F3/0325; G06V40/20; H04N13/204
9857470,2018,"MICROSOFT TECHNOLOGY LICENSING, LLC",G01S17/894; G06T15/00; G06T17/00; G06T19/006; G06T2207/10016; G06T2207/10024; G06T2207/10028; G06T2207/30244; G06T7/246; G06T7/586; H04N13/20
9910509,2018,"MICROSOFT TECHNOLOGY LICENSING, LLC",A63F13/213; A63F13/428; G06F3/011; G06F3/016; G06F3/017; G06T11/60; G06T3/20; G06T3/40
10085072,2018,"Rovi Guides, Inc.",G11B27/105; H04N21/42201; H04N21/44218; H04N21/4438; H04N21/4532; H04N21/47; H04N21/4755; H04N21/478; H04N21/4826; H04N21/812
10089454,2018,"MICROSOFT TECHNOLOGY LICENSING, LLC",G06F21/32; G06F2221/2111; G06V20/52; G10L25/27
9959459,2018,"MICROSOFT TECHNOLOGY LICENSING, LLC",A63F13/211; A63F13/213; A63F13/428; A63F2300/105; A63F2300/1087; A63F2300/1093; A63F2300/6045; G06T2207/10016; G06T2207/10021; G06T2207/10024; G06T2207/10028; G06T2207/30196; G06T2207/30221; G06T2207/30241; G06T7/11; G06T7/20; G06T7/246; G06T7/60; G06T7/73; G06T7/75; G06V10/44; G06V40/103; G06V40/23
9971491,2018,"MICROSOFT TECHNOLOGY LICENSING, LLC",G06F2203/0381; G06F2203/04806; G06F3/013; G06F3/017; G06F3/0304; G06F3/04842; G06F3/0485; G06V40/28
9943755,2018,"MICROSOFT TECHNOLOGY LICENSING, LLC",A63F13/213; A63F13/215; A63F13/428; A63F13/5375; A63F13/56; A63F13/812; A63F13/833; A63F2300/1043; A63F2300/1081; A63F2300/1087; A63F2300/5553; A63F2300/6045; A63F2300/6607; G06V40/103; G06V40/23; H04N7/183
9940553,2018,"MICROSOFT TECHNOLOGY LICENSING, LLC",G06F18/214; G06F18/231; G06F18/24323; G06V10/7625; G06V10/764; G06V10/774; G06V20/20
10013507,2018,HERE GLOBAL B.V.,G06F30/13; G06F30/20; G06F30/23; G06F30/27; G06V20/64
10048763,2018,"MICROSOFT TECHNOLOGY LICENSING, LLC",G06F3/011; G06F3/017; G06F3/0304; G06F3/0488; G06V30/242; G06V40/20
9898675,2018,"MICROSOFT TECHNOLOGY LICENSING, LLC",G06F3/017; G06F3/0304; G06V10/24; G06V40/67
10049458,2018,"MICROSOFT TECHNOLOGY LICENSING, LLC",G01B11/22; G01B9/08; G06T7/55; H04N13/271; H04N23/11; H04N23/20; H04N23/80; H04N23/90
10024968,2018,"MICROSOFT TECHNOLOGY LICENSING, LLC",G01S17/89; G01S7/481; G01S7/4815; G02B19/0057; G02B27/0961; G02B27/48; G02B3/0056; H04N13/128; H04N13/207; H04N13/229; H04N2013/0081; H04N23/20; H04N23/55; H04N23/56
9958952,2018,"MICROSOFT TECHNOLOGY LICENSING, LLC",G06F3/011; G06F3/017; G06T2207/10028; G06T2207/30196; G06T7/251; G06V40/20; G06V40/23; H04L65/4061; H04L67/06; H04L67/131
10398972,2019,"MICROSOFT TECHNOLOGY LICENSING, LLC",A63F13/213; A63F13/22; A63F13/42; A63F13/428; A63F13/67; A63F13/803; A63F13/812; A63F2300/1018; A63F2300/1087; A63F2300/1093; A63F2300/5553; A63F2300/6027; A63F2300/6045; A63F2300/6607; A63F2300/8011; G06F16/436; G06F16/9537; G06F3/017
10296587,2019,"MICROSOFT TECHNOLOGY LICENSING, LLC",G06F40/30; G06F40/35; G06F40/58; G06N20/00; H04M1/724
10234545,2019,"MICROSOFT TECHNOLOGY LICENSING, LLC",G01S17/89; G01S7/484
10257932,2019,"MICROSOFT TECHNOLOGY LICENSING, LLC",F21V19/0015; F21Y2115/30; G03B15/03; H05K1/0206; H05K1/0207; H05K1/0298; H05K1/115; H05K1/181; H05K2201/09536; H05K2201/10121; H05K2203/049; H05K3/0061; H05K3/321; H05K3/4602; H05K3/4608; H05K3/4617; H05K3/4644; H05K3/4652; Y02P70/50
10412280,2019,"MICROSOFT TECHNOLOGY LICENSING, LLC",G02B5/201; G02F1/0136; G02F1/133528; G02F1/133531; G02F1/19; G02F2201/346; G02F2203/055; H04N2209/043; H04N23/11; H04N23/12; H04N23/55
10331222,2019,"MICROSOFT TECHNOLOGY LICENSING, LLC",G06F3/011; G06F3/017; G06F3/0304; G06F3/04815; G06T2207/10028; G06T2207/30196; G06T7/75; G06V40/28
10462452,2019,"MICROSOFT TECHNOLOGY LICENSING, LLC",G01S17/87; G01S17/894; G01S7/003; G01S7/484; H04N13/243; H04N13/254; H04N13/296; H04N23/56; H04N23/66
10331228,2019,"MICROSOFT TECHNOLOGY LICENSING, LLC",G06F2203/0381; G06F3/0346; G06F3/038; G08C17/00; G08C2201/31; G08C2201/32; G08C2201/41; G08C2201/50
10205931,2019,"MICROSOFT TECHNOLOGY LICENSING, LLC",A63F13/213; G06V40/23; H01S5/042; H01S5/0427; H01S5/0651; H01S5/06808; H01S5/06825; H04N13/254
10210382,2019,"MICROSOFT TECHNOLOGY LICENSING, LLC",G06F3/017; G06T2207/10028; G06T2207/20076; G06T2207/30196; G06T7/50; G06V40/103; G06V40/20
10488950,2019,"MICROSOFT TECHNOLOGY LICENSING, LLC",G06F2203/0381; G06F3/0346; G06F3/038; G08C17/00; G08C2201/31; G08C2201/32; G08C2201/41; G08C2201/50
10325628,2019,"MICROSOFT TECHNOLOGY LICENSING, LLC",A63F13/63; A63F13/655; A63F13/86; G11B20/10527; G11B2020/10537; G11B27/034; G11B27/036; G11B27/10; G11B27/34; H04N21/47205; H04N21/4781; H04N21/4788; H04N21/8456
10691216,2020,"MICROSOFT TECHNOLOGY LICENSING, LLC",A63B2024/0025; A63F2300/105; A63F2300/1087; A63F2300/64; G06F3/005; G06F3/011; G06F3/012; G06F3/013; G06F3/014; G06F3/017; G06F3/0346; G06F3/167; G09G2340/12; G10H2220/401
10726861,2020,"MICROSOFT TECHNOLOGY LICENSING, LLC",A63F2300/572; G10L2021/02166; G10L21/028; H04M2203/1066; H04M2203/65; H04R2203/12; H04S7/303
10642934,2020,"MICROSOFT TECHNOLOGY LICENSING, LLC",G06F16/3329; G06F16/951; G06F40/30; G06F40/40
10796494,2020,"MICROSOFT TECHNOLOGY LICENSING, LLC",G06T19/20; G06T2219/2012; G06T2219/2021; G06T2219/2024
10798438,2020,"MICROSOFT TECHNOLOGY LICENSING, LLC",H04N21/42201; H04N21/42203; H04N21/4223; H04N21/44213; H04N21/44218; H04N21/4667
10631066,2020,"Rovi Guides, Inc.",G11B27/105; H04N21/42201; H04N21/44218; H04N21/4438; H04N21/4532; H04N21/47; H04N21/4755; H04N21/478; H04N21/4826; H04N21/812
10671841,2020,"MICROSOFT TECHNOLOGY LICENSING, LLC",G06F3/017; G06F3/0304; G06V40/28
10878009,2020,"MICROSOFT TECHNOLOGY LICENSING, LLC",G06F16/24522; G06F16/3329; G06F16/3332; G06F16/3334; G06F16/3338; G06F16/3344; G06F16/84; G06F16/951; G06F40/44; G06N20/00
10534438,2020,"MICROSOFT TECHNOLOGY LICENSING, LLC",G06F2203/0381; G06F3/017; G06F3/038; G06F3/167; G06T7/521; G06V40/107; G10L2015/223; G10L2015/226
10585957,2020,"MICROSOFT TECHNOLOGY LICENSING, LLC",G06F16/9535
10551930,2020,"MICROSOFT TECHNOLOGY LICENSING, LLC",A63F13/211; A63F13/213; A63F13/22; A63F13/42; A63F13/428; A63F2300/1093; G06F3/011; G06F3/012; G06F3/013; G06F3/017; G06F3/0346; G06F3/038; G06T7/20; G06T7/285; G06T7/593; G06V40/20; G06V40/28; H04N13/128; H04N13/239; H04N13/366; H04N2013/0081
11153472,2021,"Cutting Edge Vision, LLC",G03B13/02; G03B17/02; G03B29/00; G03B31/06; G06F3/041; G10L15/22; G10L17/22; G10L2015/223; H04M3/42204; H04N1/00095; H04N1/00204; H04N1/00209; H04N1/00212; H04N1/00244; H04N1/2112; H04N2201/0084; H04N23/57; H04N23/611; H04N23/62; H04N23/631; H04N23/64; H04N23/66; H04N23/661
11215711,2022,"MICROSOFT TECHNOLOGY LICENSING, LLC",G01S17/894; G06T15/00; G06T17/00; G06T19/006; G06T2207/10016; G06T2207/10024; G06T2207/10028; G06T2207/30244; G06T7/246; G06T7/586; H04N13/20
11710309,2023,"MICROSOFT TECHNOLOGY LICENSING, LLC",G06F18/214; G06F18/231; G06F18/24323; G06V10/7625; G06V10/764; G06V10/774; G06V20/20
11818458,2023,"Cutting Edge Vision, LLC",G03B13/02; G03B17/02; G03B29/00; G03B31/06; G06F3/041; G10L15/22; G10L17/22; G10L2015/223; H04M3/42204; H04N1/00095; H04N1/00204; H04N1/00209; H04N1/00212; H04N1/00244; H04N1/2112; H04N2201/0084; H04N23/57; H04N23/611; H04N23/62; H04N23/631; H04N23/64; H04N23/66; H04N23/661
12002252,2024,"Rakuten Group, Inc.",G06T2207/10024; G06T2207/20132; G06T2207/20212; G06T2210/12; G06T3/40; G06T3/60; G06T7/11; G06T7/13; G06T7/194; G06V10/25; G06V10/32; G06V10/443; G06V10/46; G06V10/56; G06V10/75
